Categoria Amazon;ASIN Amazon;Produto Amazon;Nota Amazon;Avaliações Amazon;Link Amazon;ASIN Mercado Livre;Produto Mercado Livre;Nota Mercado Livre;Avaliações ML;Link Mercado Livre;Similaridade;Nota Geral Ponderada;;;;;
Bebês;B07GQB93FT;Fralda Pampers Premium Care Recém-Nascido RN 36 Unidades;4.9;8929;https://www.amazon.com.br/dp/B07GQB93FT;MLB17335938;Fralda Descartável Pampers Premium Care Recém-nascido Rn 20 Unidades;4.9;22324;https://www.mercadolivre.com.br/fralda-descartavel-pampers-premium-care-recem-nascido-rn-20-unidades/p/MLB17335938;0.753;4.9;;;;;
Bebês;B0C5SQNSL4;Fralda Pampers Pants Ajuste Total Tamanho M, Fácil de Vestir, 112 Unidades;4.8;3600;https://www.amazon.com.br/dp/B0C5SQNSL4;MLB19485102;Fralda Pampers Pants Ajuste Total M 112 Unidades;4.9;28157;https://www.mercadolivre.com.br/fralda-pampers-pants-ajuste-total-m-112-unidades/p/MLB19485102;0.72;4.89;;;;;
Beleza;B079VXJK79;Cetaphil Creme Hidratante;4.8;28354;https://www.amazon.com.br/dp/B079VXJK79;MLB18390579;Cetaphil Creme Hidratante Corporal 453g | Pele Sensível, Normal A Seca | Hidratação 48h | Niacinamida E Pantenol (pró-vitamina B5) Neutra;4.9;46602;https://www.mercadolivre.com.br/cetaphil-creme-hidratante-corporal-453g-pele-sensivel-normal-a-seca-hidrataco-48h-niacinamida-e-pantenol-pro-vitamina-b5/p/MLB18390579;0.727;4.86;;;;;
Brinquedos e Jogos;B0DFFTP71B;Bicicleta De Equilibrio Buba, 4 Rodas;4.8;4411;https://www.amazon.com.br/dp/B0DFFTP71B;MLB25839994;Bicicleta De Equilíbrio 4 Rodas Buba Infantil Sem Pedal Cor Rosa;4.9;17269;https://www.mercadolivre.com.br/bicicleta-de-equilibrio-4-rodas-buba-infantil-sem-pedal-cor-rosa/p/MLB25839994;0.827;4.88;;;;;
Brinquedos e Jogos;B0D221YB3L;Brastoy Blocos de Montar Magnéticos Infantil Construção Brinquedo (102 Peças);5.0;2620;https://www.amazon.com.br/dp/B0D221YB3L;MLB62513055;Kit 80 Blocos Magnéticos De Montar Construção Pedra, Água E Tijolo Brinquedo Educativo;4.7;909;https://www.mercadolivre.com.br/kit-80-blocos-magneticos-de-montar-construco-pedra-agua-e-tijolo-brinquedo-educativo/p/MLB62513055;0.778;4.92;;;;;
Computadores e Informática;B0F1G2TL8P;Mouse Sem Fio Recarregável Wireless Bluetooth Optico Led Rgb Colorido Ergonômico Usb 2.4 Ghz Notebook Computador Pc Desktop Linha Premium - Cores Sortidas;4.5;9340;https://www.amazon.com.br/dp/B0F1G2TL8P;MLB64093163;Mouse Sem Fio Recarregável Wireless Optico Led Rgb Ergonômico Sem Fio Para Pc Desktop Notebook Tablet Smartphone Homeroarte Preto;4.8;67430;https://www.mercadolivre.com.br/mouse-sem-fio-recarregavel-wireless-optico-led-rgb-ergonmico-sem-fio-para-pc-desktop-notebook-tablet-smartphone-homeroarte-preto/p/MLB64093163;0.954;4.76;;;;;
Cozinha;B08DFCF9HW;Liquidificador 1400 Full Oster Preto 3,2L - 127V;4.5;41397;https://www.amazon.com.br/dp/B08DFCF9HW;MLB16602519;Liquidificador Full 1400w 15 Velocidades Oliq610 Preto Oster;4.7;44003;https://www.mercadolivre.com.br/liquidificador-full-1400w-15-velocidades-oliq610-preto-oster/p/MLB16602519;0.736;4.6;;;;;
Cozinha;B07QK91PTZ;MONDIAL Liquidificador Turbo Power, Preto, 550W, 220V - L-99 FB;4.6;39645;https://www.amazon.com.br/dp/B07QK91PTZ;MLB15699911;Liquidificador Turbo Power Mondial 550w L-99 Wg Branco/cinza 220v;4.7;265491;https://www.mercadolivre.com.br/liquidificador-turbo-power-mondial-550w-l-99-wg/p/MLB15699911;0.842;4.69;;;;;
Cozinha;B0F256HPZJ;Filtro/Refil Original de Água Acqua Pure para Purificador Electrolux PE12A/PE12B/PE12G/PE12V/PE12P;4.8;6650;https://www.amazon.com.br/dp/B0F256HPZJ;MLB60239158;Filtro/refil De Água Acqua Pure Para Purificador Electrolux Pe12a/pe12b/pe12g/pe12v/pe12p - Filtro Água Pe12 / Pc02;4.9;4215;https://www.mercadolivre.com.br/filtrorefil-de-agua-acqua-pure-para-purificador-electrolux-pe12ape12bpe12gpe12vpe12p-filtro-agua-pe12-pc02/p/MLB60239158;0.782;4.84;;;;;
Cozinha;B0789M146B;Faqueiro Tramontina Búzios cem Aço Inox com Detalhe 24 Peças;4.7;14966;https://www.amazon.com.br/dp/B0789M146B;MLB35092029;Jogo Talheres Faqueiro Búzios Aço Inox 24 Peças Tramontina;4.8;29628;https://www.mercadolivre.com.br/jogo-talheres-faqueiro-buzios-aco-inox-24-pecas-tramontina/p/MLB35092029;0.783;4.77;;;;;
Cozinha;B076BL1265;Liquidificador, Ph900, 3L, Preto, 110V, Philco;4.6;906;https://www.amazon.com.br/dp/B076BL1265;MLB15578942;Liquidificador Philco 1200w 3l 12 Velocidades Preto Ph900 220v;4.8;71332;https://www.mercadolivre.com.br/liquidificador-philco-1200w-3l-12-velocidades-preto-ph900/p/MLB15578942;0.845;4.8;;;;;
Cozinha;B0CX23Y6LP;Balança de Cozinha Digital para Alimentos em Inox Resistente a Água Com Base Antiderrapante e Visor de Alta Definição Pesagem de 1g até 10kg;4.3;2804;https://www.amazon.com.br/dp/B0CX23Y6LP;MLB22501933;Balança Digital De Precisão Davely Cook Cozinha Para Uso Domestico E Profissional Fitness Ideal Para Dietas Treinos Alimentos Confeitaria Nutrição Capacidade Máxima 10 Kg Branco;4.8;13167;https://www.mercadolivre.com.br/balanca-digital-de-preciso-davely-cook-cozinha-para-uso-domestico-e-profissional-fitness-ideal-para-dietas-treinos-alimentos-confeitaria-nutrico-capacidade-maxima-10-kg-branco/p/MLB22501933;0.719;4.71;;;;;
Eletrônicos;B0FPJ5GYPG;"Celular Samsung Galaxy A07 128GB, 4GB, Câm. 50MP, Tela 6.7""- Verde";4.7;8260;https://www.amazon.com.br/dp/B0FPJ5GYPG;MLB57767498;Celular Samsung Galaxy A07 128gb, 4gb, Câmera 50mp, Tela 6.7 , Proteção Ip54, Processador 6nm - Violeta;4.9;26432;https://www.mercadolivre.com.br/celular-samsung-galaxy-a07-128gb-4gb-cmera-50mp-tela-67-proteco-ip54-processador-6nm-violeta/p/MLB57767498;0.82;4.85;;;;;
Eletrônicos;B0DJFTJ6LX;Apple iPhone 16 (128 GB) – Preto;4.8;363;https://www.amazon.com.br/dp/B0DJFTJ6LX;MLB1040287800;Apple iPhone 16 (128 Gb) - Ultramarine - Distribuidor Autorizado;4.9;23714;https://www.mercadolivre.com.br/apple-iphone-16-128-gb-ultramarine-distribuidor-autorizado/p/MLB1040287800;0.941;4.9;;;;;
Eletrônicos;B0CP6CVJSG;Apple iPhone 15 (128 GB) — Preto;4.8;8484;https://www.amazon.com.br/dp/B0CP6CVJSG;MLB1027172666;Apple iPhone 15 (512 Gb) - Preto - Distribuidor Autorizado;4.9;23635;https://www.mercadolivre.com.br/apple-iphone-15-512-gb-preto-distribuidor-autorizado/p/MLB1027172666;0.914;4.87;;;;;
Eletrônicos;B0778VZYVV;Duracell Pilha Alcalina AA Pequena Com 16 Unidades – Dura até 10x Mais – Ideal para Controle Xbox™, Brinquedos e Lanternas;4.8;22892;https://www.amazon.com.br/dp/B0778VZYVV;MLB19748584;Pilha Alcalina Aa Pequena Duracell Com 16 Unidades;4.9;14954;https://www.mercadolivre.com.br/pilha-alcalina-aa-pequena-duracell-com-16-unidades/p/MLB19748584;0.879;4.84;;;;;
Eletrônicos;B0F7M1YN3L;"Smart TV 32"" Philco LED Roku Tv HD Dolby Audio P32CRA";4.6;4420;https://www.amazon.com.br/dp/B0F7M1YN3L;MLB39456212;Smart Tv 32 Philco Ptv32k34rkgb Roku Tv Led Dolby Audio;4.8;7818;https://www.mercadolivre.com.br/smart-tv-32-philco-ptv32k34rkgb-roku-tv-led-dolby-audio/p/MLB39456212;0.841;4.73;;;;;
Eletrônicos;B0FPHYC9FQ;"Celular Samsung Galaxy A07 128GB, 4GB, Câm. 50MP, Tela 6.7""- Preto";4.8;2420;https://www.amazon.com.br/dp/B0FPHYC9FQ;MLB57767498;Celular Samsung Galaxy A07 128gb, 4gb, Câmera 50mp, Tela 6.7 , Proteção Ip54, Processador 6nm - Violeta;4.9;26432;https://www.mercadolivre.com.br/celular-samsung-galaxy-a07-128gb-4gb-cmera-50mp-tela-67-proteco-ip54-processador-6nm-violeta/p/MLB57767498;0.854;4.89;;;;;
Eletrônicos;B0DNRFGBQ4;"Celular Samsung Galaxy A16, 128GB + 4GB RAM, Câmera de até 50MP, Tela 6.7"", NFC, IP54, Bateria 5000 mAh - Preto";4.7;2865;https://www.amazon.com.br/dp/B0DNRFGBQ4;MLB44113907;Celular Samsung Galaxy A16 4g, 256gb + 8gb Ram, Câmera De Até 50mp, Tela 6.7 , Nfc, Ip54, Bateria 5000 Mah Cinza;4.9;84425;https://www.mercadolivre.com.br/celular-samsung-galaxy-a16-4g-256gb-8gb-ram-cmera-de-ate-50mp-tela-67-nfc-ip54-bateria-5000-mah-cinza/p/MLB44113907;0.728;4.89;;;;;
Eletrônicos;B0DYVPCX34;"Smartphone Samsung Galaxy A56 5G 256GB, 8GB RAM, Câmera 50MP, IP67, Super AMOLED 6.7"", Recursos AI, Preto";4.8;3097;https://www.amazon.com.br/dp/B0DYVPCX34;MLB47114363;Celular Samsung Galaxy A56 5g 256gb 8gb Ram Cinza;4.9;35669;https://www.mercadolivre.com.br/celular-samsung-galaxy-a56-5g-256gb-8gb-ram-cinza/p/MLB47114363;0.776;4.89;;;;;
Eletrônicos;B0D9ZMKMB6;Smart TV 32” Philco PTV32K34RKGB Roku TV Led Dolby Audio;4.7;8150;https://www.amazon.com.br/dp/B0D9ZMKMB6;MLB39456212;Smart Tv 32 Philco Ptv32k34rkgb Roku Tv Led Dolby Audio;4.8;7818;https://www.mercadolivre.com.br/smart-tv-32-philco-ptv32k34rkgb-roku-tv-led-dolby-audio/p/MLB39456212;1.0;4.75;;;;;
Eletrônicos;B0DVMQVVDY;PHILIPS, Fone de Ouvido Sem Fio TWS, TAT1109BK/00, Bluetooth, Com Microfone, Até 24 horas de bateria, Preto;4.6;5955;https://www.amazon.com.br/dp/B0DVMQVVDY;MLB47815743;Fone De Ouvido Bluetooth Sem Fio Tws Esportivo Compatível Com iPhone Samsung Xiaomi Lenovo Motorola Xt80 Lp75 Celular Android Ios Academia Caminhada Tipo Gancho Preto;4.7;8338;https://www.mercadolivre.com.br/fone-de-ouvido-bluetooth-sem-fio-tws-esportivo-compativel-com-iphone-samsung-xiaomi-lenovo-motorola-xt80-lp75-celular-android-ios-academia-caminhada-tipo-gancho/p/MLB47815743;0.828;4.66;;;;;
Games e Consoles;B0CQKLS4RP;PlayStation DualSense Controle sem fio – Branco;4.8;41396;https://www.amazon.com.br/dp/B0CQKLS4RP;MLB33997846;Controle Joystick Sem Fio Sony Playstation Dualsense Branco;4.9;20374;https://www.mercadolivre.com.br/controle-joystick-sem-fio-sony-playstation-dualsense-branco/p/MLB33997846;1.0;4.83;;;;;
Games e Consoles;B0CTQ6V17N;Suporte Vertical para PS5/PS5 Slim - Base Antiderrapante, Design Minimalista, Melhor Dissipação de Calor, Fácil de Instalar;4.8;1222;https://www.amazon.com.br/dp/B0CTQ6V17N;LBU3092993382;Suporte Base Vertical Para Playstation 5 Ps5 Slim Fat Todos Preto;4.6;3014;https://www.mercadolivre.com.br/suporte-base-vertical-para-playstation-5-ps5-slim-fat-todos/up/MLBU3092993382;0.721;4.66;;;;;
Instrumentos Musicais;B09G88Q41V;"SUPORTE PARA BAIXO; GUITARRA; VIOLÃO TONANTE TIPO CAVALETE - DOBRÁVEL – TNS1954-3";4.8;1309;https://www.amazon.com.br/dp/B09G88Q41V;MLB27048469;Suporte Para Instrumentos Chão Guitarra Violão Baixo Ask G3s Cor Preto;4.8;4556;https://www.mercadolivre.com.br/suporte-para-instrumentos-cho-guitarra-violo-baixo-ask-g3s-cor-preto/p/MLB27048469;0.707;4.8;;;;;
Jardim e Piscina;B077PT41YL;WAP Lavadora de Alta Pressão OUSADA PLUS 2200, com Jato Leque e Concentrado, 342L/h, 1750psi 1500W 127V;4.6;9503;https://www.amazon.com.br/dp/B077PT41YL;MLB15345687;Lavadora De Alta Pressão Wap Ousada Plus 2200 1500w 1750 Psi;4.7;33695;https://www.mercadolivre.com.br/lavadora-de-alta-presso-wap-ousada-plus-2200-1500w-1750-psi/p/MLB15345687;0.785;4.68;;;;;
Jardim e Piscina;B07RGQVHBJ;Vonder, Pulverizador Costal Agrícola 20 Litros, Pc 020.;4.6;3171;https://www.amazon.com.br/dp/B07RGQVHBJ;MLB24084361;Vonder Pc020 Bomba Costal Pulverizador Agricola Manual 20 Litros;4.7;10457;https://www.mercadolivre.com.br/vonder-pc020-bomba-costal-pulverizador-agricola-manual-20-litros/p/MLB24084361;0.714;4.68;;;;;
Jardim e Piscina;B0F2BFKQ14;K-Othrine Gel Formigas: Isca Inseticida Gel Mata Formigas;4.9;250;https://www.amazon.com.br/dp/B0F2BFKQ14;MLB19866663;K-othrine Gel Formigas: Isca Gel Formigas;4.8;1899;https://www.mercadolivre.com.br/k-othrine-gel-formigas-isca-gel-formigas/p/MLB19866663;0.94;4.81;;;;;
Jardim e Piscina;B07SFXGV8V;Forth Frutas, Fertilizante, Adubo para Plantas Frutíferas, Nutritivo, Micronutrientes, NPK, Balde, 3kg;4.8;1907;https://www.amazon.com.br/dp/B07SFXGV8V;MLB23273981;Forth Adubo Fertilizante P/ Árvore Frutífera Npk Frutas 3kg;4.8;10848;https://www.mercadolivre.com.br/forth-adubo-fertilizante-p-arvore-frutifera-npk-frutas-3kg/p/MLB23273981;0.728;4.8;;;;;
Livros;6555655062;A empregada (A empregada – Livro 1): Bem-vinda à família;4.7;39341;https://www.amazon.com.br/dp/6555655062;MLB29920148;Livro A Empregada: Bem-vinda À Família, De Freida Mcfadden. Editorial Editora Arqueiro, Capa Mole Em Português, 2023;4.9;2374;https://www.mercadolivre.com.br/livro-a-empregada-bem-vinda-familia-de-freida-mcfadden-editorial-editora-arqueiro-capa-mole-em-portugus-2023/p/MLB29920148;0.908;4.71;;;;;
Livros;6559801365;O Pequeno Príncipe – Edição de luxo com capa dura almofadada e aquarelas originais do autor;4.9;1799;https://www.amazon.com.br/dp/6559801365;MLB43965442;O Pequeno Príncipe | Capa Dura Almofadada;4.9;988;https://www.mercadolivre.com.br/o-pequeno-principe-capa-dura-almofadada/p/MLB43965442;0.812;4.9;;;;;
Livros;6555111100;A psicologia financeira: lições atemporais sobre fortuna, ganância e felicidade;4.8;25595;https://www.amazon.com.br/dp/6555111100;MLB19320442;Livro A Psicologia Financeira: Lições Atemporais Sobre Fortuna, Ganância E Felicidade, De Housel, Morgan. Editora Harpercollins Brasil, Capa Mole Em Português, 2021;4.9;12844;https://www.mercadolivre.com.br/livro-a-psicologia-financeira-licoes-atemporais-sobre-fortuna-ganncia-e-felicidade-de-housel-morgan-editora-harpercollins-brasil-capa-mole-em-portugus-2021/p/MLB19320442;0.802;4.83;;;;;
Livros;8532649963;Sociedade do cansaço;4.6;17378;https://www.amazon.com.br/dp/8532649963;MLB19215028;Livro Sociedade Do Cansaço De Han Byung-chul Edição 1 Capa Mole Em Português 2015 Editorial Editora Vozes;4.8;1653;https://www.mercadolivre.com.br/livro-sociedade-do-cansaco-de-han-byung-chul-edico-1-capa-mole-em-portugus-2015-editorial-editora-vozes/p/MLB19215028;0.744;4.62;;;;;
Livros;6555320354;A hora da estrela: Edição comemorativa;4.7;24112;https://www.amazon.com.br/dp/6555320354;MLB19300318;Livro A Hora Da Estrela (edição Comemorativa), De Lispector, Clarice. Editora Rocco Ltda, Capa Mole (2020);4.9;3119;https://www.mercadolivre.com.br/livro-a-hora-da-estrela-edico-comemorativa-de-lispector-clarice-editora-rocco-ltda-capa-mole-2020/p/MLB19300318;0.912;4.72;;;;;
Livros;8550807567;Hábitos Atômicos: um Método Fácil e Comprovado de Criar Bons Hábitos e se Livrar dos Maus- Idioma ‏ : ‎ Português;4.8;25929;https://www.amazon.com.br/dp/8550807567;MLB19299491;Hábitos Atômicos: Um Método Fácil E Comprovado De Criar Bons Hábitos E Se Livrar Dos Maus James Clear;4.9;7176;https://www.mercadolivre.com.br/habitos-atmicos-um-metodo-facil-e-comprovado-de-criar-bons-habitos-e-se-livrar-dos-maus-james-clear/p/MLB19299491;1.0;4.82;;;;;
Livros;6585930487;Café com Deus Pai Vol. 6 - 2026: Porções Diárias de Amor;4.9;1454;https://www.amazon.com.br/dp/6585930487;LBU3652752796;Café Com Deus Pai 2026 - Porções Diárias De Amor + Mini Copo;5.0;1481;https://www.mercadolivre.com.br/cafe-com-deus-pai-2026--porcoes-diarias-de-amor--mini-copo/up/MLBU3652752796;0.935;4.95;;;;;
Livros;659814213X;365 Dias de Amor com Deus - Devocional;4.7;2200;https://www.amazon.com.br/dp/659814213X;MLB42008720;365 Dias Amor Com Deus Devocional;5.0;1968;https://www.mercadolivre.com.br/365-dias-amor-com-deus-devocional/p/MLB42008720;0.97;4.84;;;;;
Livros;6560950700;365 Hábitos Simples e Poderosos;4.8;6080;https://www.amazon.com.br/dp/6560950700;MLB41503075;365 Hábitos Simples E Poderosos;4.9;685;https://www.mercadolivre.com.br/365-habitos-simples-e-poderosos/p/MLB41503075;1.0;4.81;;;;;
Livros;8595081530;O homem mais rico da Babilônia;4.9;47316;https://www.amazon.com.br/dp/8595081530;MLB19424544;O Homem Mais Rico Da Babilônia George S. Clason - Ano 2017 - Editora Harpercollins Brasil;4.9;12179;https://www.mercadolivre.com.br/o-homem-mais-rico-da-babilnia-george-s-clason-ano-2017-editora-harpercollins-brasil/p/MLB19424544;1.0;4.9;;;;;
Livros;6583195054;Mulheres com Deus - 365 Dias de Fé - Devocional 2026;4.9;1330;https://www.amazon.com.br/dp/6583195054;MLB51089812;Mulheres Com Deus - 365 Dias De Fé - Devocional;4.9;1333;https://www.mercadolivre.com.br/mulheres-com-deus-365-dias-de-fe-devocional/p/MLB51089812;0.935;4.9;;;;;
Livros;6555607289;Melhor do que nos filmes;4.8;12879;https://www.amazon.com.br/dp/6555607289;MLB22500020;Melhor Do Que Nos Filmes, De Lynn Painter. Editora Intrínseca Ltda, Capa Mole, Edição Brochura Em Português, 2023;4.9;4404;https://www.mercadolivre.com.br/melhor-do-que-nos-filmes-de-lynn-painter-editora-intrinseca-ltda-capa-mole-edico-brochura-em-portugus-2023/p/MLB22500020;0.97;4.83;;;;;
Papelaria e Escritório;B07VFWFS4P;Tilibra 305421 Universitário 10 Matérias Zip - Caderno Espiral, Capa Dura, 160 Folhas, Preto;4.8;30253;https://www.amazon.com.br/dp/B07VFWFS4P;MLB23455339;Caderno Universitário 10 Matérias Zip Preto Tilibra;4.9;6861;https://www.mercadolivre.com.br/caderno-universitario-10-materias-zip-preto-tilibra/p/MLB23455339;0.749;4.82;;;;;
Papelaria e Escritório;B0D8VCWXXK;Estojo Escolar Organizador Box Grande Para Lapis Feminino Masculino Material Escolar;4.6;6540;https://www.amazon.com.br/dp/B0D8VCWXXK;MLB5646556204;Estojo Escolar Box Grande Organizador Masculino Feminino;4.7;1407;https://produto.mercadolivre.com.br/MLB-5646556204-estojo-escolar-box-grande-organizador-masculino-feminino-_JM;0.833;4.62;;;;;
Papelaria e Escritório;B0DJ67YCYX;Estojo Escolar Box Grande Infantil Organizador Para Lapis Feminino Masculino Nylon Com Divisoria Necessarie Ziper Resistente Marca Calmfy - Preto;4.6;5420;https://www.amazon.com.br/dp/B0DJ67YCYX;MLB4337635977;Estojo Escolar Grande Box Organizador Divisória Lápis Caneta;4.9;631;https://produto.mercadolivre.com.br/MLB-4337635977-estojo-escolar-grande-box-organizador-divisoria-lapis-caneta-_JM;0.758;4.63;;;;;
Pet Shop;B07XVX9G17;Blue Premium Tapete Higiênico Para Cães 30 Unidades;4.6;4743;https://www.amazon.com.br/dp/B07XVX9G17;MLB28425742;Tapete Higiênico Cachorro 30 Unidades Standard 1ª Linha (80x60) Fralda Manta Absorvente Pet Cachorro Cão;4.4;18417;https://www.mercadolivre.com.br/tapete-higinico-cachorro-30-unidades-standard-1-linha-80x60-fralda-manta-absorvente-pet-cachorro-co/p/MLB28425742;0.714;4.44;;;;;
Pet Shop;B0977TDYVS;NexGard Spectra Antipulgas e Carrapatos e Vermífugo para Cães de 3,6 a 7,5kg - 1 tablete;4.8;7774;https://www.amazon.com.br/dp/B0977TDYVS;MLB15983681;Nexgard Spectra Antipulgas E Vermífugo Cães 3,6kg A 7,5kg;4.9;22950;https://www.mercadolivre.com.br/nexgard-spectra-antipulgas-e-vermifugo-ces-36kg-a-75kg/p/MLB15983681;0.759;4.87;;;;;
Saúde e Bem-Estar;B0D71HD612;Creatina Monohidratada 600g - 100% Pura Importada - Soldiers Nutrition;4.7;2493;https://www.amazon.com.br/dp/B0D71HD612;MLB26989230;Creatina Monohidratada 600g Soldiers Nutrition 100% Pura Importada Performance Músculo Treino Sem Sabor;4.8;443743;https://www.mercadolivre.com.br/creatina-monohidratada-600g-soldiers-nutrition-100-pura-importada-performance-musculo-treino/p/MLB26989230;0.813;4.8;;;;;
Automotivo;B0CJJZ44H8;Capacete Moto ASX City Solid Preto Fosco;4.8;6610;https://www.amazon.com.br/dp/B0CJJZ44H8;MLB50911561;Capacete Masculino Feminino Asx City Preto Fosco Viseira Desenho Solido Tamanho Do Capacete 64;4.9;16571;https://www.mercadolivre.com.br/capacete-masculino-feminino-asx-city-preto-fosco-viseira-desenho-solido-tamanho-do-capacete-64/p/MLB50911561;0.856;4.87;;;;;
Bebês;B08K4JSQ2M;Fralda Pampers Premium Care Pants Tamanho XG, Fácil de Vestir, 96 Unidades;4.8;883;https://www.amazon.com.br/dp/B08K4JSQ2M;MLB19153447;Fralda Pampers Premium Care Pants Tamanho Xg 96 Unidades;4.9;6619;https://www.mercadolivre.com.br/fralda-pampers-premium-care-pants-tamanho-xg-96-unidades/p/MLB19153447;0.77;4.89;;;;;
Bebês;B097RYMQZ5;Fralda Pom Pom Protek Proteção de Mãe Hiper M 86 Unidades;4.6;24106;https://www.amazon.com.br/dp/B097RYMQZ5;MLB18715374;Fralda Pom Pom Protek Proteção De Mãe Mega P 54 Unidades Gênero Sem Gênero;4.9;18116;https://www.mercadolivre.com.br/fralda-pom-pom-protek-proteco-de-me-mega-p-54-unidades-gnero-sem-gnero/p/MLB18715374;0.815;4.73;;;;;
Bebês;B0DDV1QKW7;Fralda Pampers Confort Sec Tamanho XXG 148 Unidades;4.7;2837;https://www.amazon.com.br/dp/B0DDV1QKW7;MLB19466197;Fralda Pampers Confort Sec Tamanho Xxg 112 Unidades Xgg Sem Gênero;4.9;31951;https://www.mercadolivre.com.br/fralda-pampers-confort-sec-tamanho-xxg-112-unidades/p/MLB19466197;0.766;4.88;;;;;
Beleza;B0CTR4FL63;Protetor Solar Facial Principia FPS 60, 16,5% Mix de Filtros UV + 5% Niacinamida FPS 60 PS-01 com 40ml;4.6;11931;https://www.amazon.com.br/dp/B0CTR4FL63;MLB36014524;Principia Protetor Solar Facial Ps-01 Fps 60;4.8;22805;https://www.mercadolivre.com.br/principia-protetor-solar-facial-ps-01-fps-60/p/MLB36014524;0.716;4.73;;;;;
Casa;B07HZMBBBQ;Ypê Detergente Neutro 5L;4.8;3958;https://www.amazon.com.br/dp/B07HZMBBBQ;MLB23958420;Detergente Ypê Neutro 5 Litros;4.9;14380;https://www.mercadolivre.com.br/detergente-yp-neutro-5-litros/p/MLB23958420;0.725;4.88;;;;;
Casa;B0CVNK6PDX;Varal De Chão 3 Andares Grande de Roupas Dobrável Regulável Retrátil com Rodinhas e Ganchos Compacto;4.3;6810;https://www.amazon.com.br/dp/B0CVNK6PDX;MLB26417959;Varal De Chão Grande De Roupas 3 Andares Dobrável Cor Azul Kontuz 170 Cm;4.6;72581;https://www.mercadolivre.com.br/varal-de-cho-grande-de-roupas-3-andares-dobravel-cor-azul-kontuz-170-cm/p/MLB26417959;0.936;4.57;;;;;
Eletrônicos;B0DXR7GNWJ;Apple iPhone 16e de 128 GB — Preto;4.8;2297;https://www.amazon.com.br/dp/B0DXR7GNWJ;MLB1046217481;iPhone 16e (512 Gb) - Branco - Distribuidor Autorizado;4.9;13213;https://www.mercadolivre.com.br/iphone-16e-512-gb-branco-distribuidor-autorizado/p/MLB1046217481;0.726;4.89;;;;;
Eletrônicos;B0DQRHP79Z;"Smartphone Motorola Moto g05-128GB 12GB (4GB RAM + 8GB Ram Boost) e Camera 50MP com AI Bateria de 5200 mAh Tela 6.7"" com Superbrilho - Cinza";4.7;2641;https://www.amazon.com.br/dp/B0DQRHP79Z;MLB58493165;Smartphone Motorola Moto G05 - 256gb 12gb (4gb Ram + 8gb Ram Boost) E Camera 50mp Com Ai Bateria De 5200 Mah Tela 6.7 Com Superbrilho - Verde;4.9;79280;https://www.mercadolivre.com.br/smartphone-motorola-moto-g05-256gb-12gb-4gb-ram-8gb-ram-boost-e-camera-50mp-com-ai-bateria-de-5200-mah-tela-67-com-superbrilho-verde/p/MLB58493165;0.84;4.89;;;;;
Games e Consoles;B09JH4PD8Q;Base De Carregamento Do Dualsense - PlayStation 5;4.9;14033;https://www.amazon.com.br/dp/B09JH4PD8Q;MLB41177605;Base De Carregamento Controle Dualsense Ps5 Sony Cfi-zds1r;5.0;8434;https://www.mercadolivre.com.br/base-de-carregamento-controle-dualsense-ps5-sony-cfi-zds1r/p/MLB41177605;0.729;4.94;;;;;
Games e Consoles;B08M8YD8WD;Controle Usb Com Fio Para Xbox 360 Computador Notebook Preto;4.5;42;https://www.amazon.com.br/dp/B08M8YD8WD;MLB22778772;Controle Para Xbox 360 Com Fio Android Cor Preto Console Marca Redfin Joystick Manete Gamepass Steam Tv Pc Android Pc Controle Pc Gamer;4.8;4567;https://www.mercadolivre.com.br/controle-para-xbox-360-com-fio-android-cor-preto-console-marca-redfin-joystick-manete-gamepass-steam-tv-pc-android-pc-controle-pc-gamer/p/MLB22778772;0.717;4.8;;;;;
Jardim e Piscina;B0DD5LLFRY;Lavadora de Alta Pressão Electrolux 1650PSI 1400W de Potência com Engate Rápido EasyWash Lava Jato Lava Car QWS1650 110v;4.6;4700;https://www.amazon.com.br/dp/B0DD5LLFRY;MLB38885618;Lavadora De Alta Pressão Electrolux 1650psi 1400w De Potência Com Engate Rápido Easywash Lava Jato Qws1650;4.8;6187;https://www.mercadolivre.com.br/lavadora-de-alta-presso-electrolux-1650psi-1400w-de-potncia-com-engate-rapido-easywash-lava-jato-qws1650/p/MLB38885618;1.0;4.71;;;;;
Jardim e Piscina;B0DYQ7GZBC;Kärcher Lavadora de Alta pressão Prática Black 1500 PSI/Libras 1400W 300L/h com Aplicador de Detergente e Lança Regulável 127V;4.7;1082;https://www.amazon.com.br/dp/B0DYQ7GZBC;MLB25264428;Lavadora De Alta Pressão Kärcher Compacta 1500 Psi/libras 1400w 300l/h Com Aplicador De Detergente E Lança Regulável 127v;4.8;56641;https://www.mercadolivre.com.br/lavadora-de-alta-presso-krcher-compacta-1500-psilibras-1400w-300lh-com-aplicador-de-detergente-e-lanca-regulavel-127v/p/MLB25264428;0.744;4.8;;;;;
Papelaria e Escritório;B01CZXF4XW;Chamex - Papel Sulfite, A4, 75g, 500 folhas;4.9;34811;https://www.amazon.com.br/dp/B01CZXF4XW;MLB56109312;Papel Sulfite Rosa A4 A-4 75g Report Pct C/500 Folhas;4.8;26250;https://www.mercadolivre.com.br/papel-sulfite-rosa-a4-a-4-75g-report-pct-c500-folhas/p/MLB56109312;0.769;4.86;;;;;
Saúde e Bem-Estar;B0CF71CJ2L;Creatina Pura Dark Lab 500g, Monohidratada 100% de Pureza, Sem Sabor;4.8;25123;https://www.amazon.com.br/dp/B0CF71CJ2L;MLB26796581;Creatina Monohidratada Pura 500g Dark Lab Unidade Sem Sabor;4.9;442521;https://www.mercadolivre.com.br/creatina-monohidratada-pura-500g-dark-lab-unidade/p/MLB26796581;0.781;4.89;;;;;
Saúde e Bem-Estar;B0BL579H1Z;Soldiers Nutrition Creatina Monohidratada 500g;4.7;19397;https://www.amazon.com.br/dp/B0BL579H1Z;MLB18725308;Creatina Monohidratada 500g Soldiers Nutrition 100% Pura Importada Alta Performance Músculo Treino Sem Sabor;4.8;449081;https://www.mercadolivre.com.br/creatina-monohidratada-500g-soldiers-nutrition-100-pura-importada-alta-performance-musculo-treino/p/MLB18725308;0.87;4.8;;;;;
Saúde e Bem-Estar;B07L5W6GVC;Vitafor - Omegafor Plus- 120 Cápsulas;4.8;18159;https://www.amazon.com.br/dp/B07L5W6GVC;MLB21961479;Omegafor Plus 120 Cápsulas Ômega 3 Vitafor;4.9;44682;https://www.mercadolivre.com.br/omegafor-plus-120-capsulas-mega-3-vitafor/p/MLB21961479;0.89;4.87;;;;;
Saúde e Bem-Estar;B09BDJ5V5D;Vitafor - Omegafor Plus - 240 Cápsulas;4.8;9086;https://www.amazon.com.br/dp/B09BDJ5V5D;MLB29738769;Suplemento En Cápsulas Vitafor Ômega 3 De Omegafor Plus Vitafor 120 Cápsulas X 120g Sem Sabor;4.9;44682;https://www.mercadolivre.com.br/suplemento-en-capsulas-vitafor-mega-3-de-omegafor-plus-vitafor-120-capsulas-x-120g/p/MLB29738769;0.721;4.88;;;;;
Saúde e Bem-Estar;B07M6RFLXD;Integralmedica - Hipercalórico - Nutri Whey Protein Baunilha - Pouch 900g - Fonte de Proteínas e Carboidratos - Suplemento Alimentar, Ganho Muscular e Recuperação Pós-Treino - Super Mass Gainer;4.6;24486;https://www.amazon.com.br/dp/B07M6RFLXD;MLB42479488;Nutri Whey Protein 907g Refil - Integralmedica Sabor Baunilha;4.7;106937;https://www.mercadolivre.com.br/nutri-whey-protein-907g-refil-integralmedica-sabor-baunilha/p/MLB42479488;0.831;4.68;;;;;
Saúde e Bem-Estar;B0CDNJ3S3D;Creatina Pura Dark Lab 1kg, Monohidratada 100% de Pureza, Sem Sabor;4.8;5133;https://www.amazon.com.br/dp/B0CDNJ3S3D;MLB25929487;Creatina Monohidratada Pura 1kg Dark Lab Unidade Sem Sabor;4.9;442498;https://www.mercadolivre.com.br/creatina-monohidratada-pura-1kg-dark-lab-unidade-sem-sabor/p/MLB25929487;0.788;4.9;;;;;
Automotivo;B07WZQC1NJ;CAPACETE ABERTO PRO TORK NEW LIBERTY 3 SOLID PRETO FOSCO TAM. 60;4.6;153;https://www.amazon.com.br/dp/B07WZQC1NJ;MLB18464301;Capacete Moto Aberto Pro Tork New Liberty Three Preto Tamanho 60 Desenho Solid Viseira Cristal Lisa Brilhante;4.7;37140;https://www.mercadolivre.com.br/capacete-moto-aberto-pro-tork-new-liberty-three-preto-tamanho-60-desenho-solid-viseira-cristal/p/MLB18464301;0.775;4.7;;;;;
Beleza;B0B6LZ36XV;PRINCIPIA, Gel de Limpeza Facial 2% Ácido Salicílico + 5% Glicerina GL-01 com 350g;4.6;236;https://www.amazon.com.br/dp/B0B6LZ36XV;MLB35279837;Gel De Limpeza Poros Dilatados Principia Gl-01 Salicilico 350ml Oleosa Todo Tipo De Pele Dia/noite;4.8;6067;https://www.mercadolivre.com.br/gel-de-limpeza-poros-dilatados-principia-gl-01-salicilico-350ml-oleosa/p/MLB35279837;0.766;4.79;;;;;
Cozinha;B0DCKBMVH9;Mixer Power Inox 3 em 1 600W Elgin Lunar 110V - Mixer, triturador e batedor;4.6;11862;https://www.amazon.com.br/dp/B0DCKBMVH9;MLB40003206;Mixer Power Inox 3 Em 1 600w Elgin Lunar - Cinza Lunar 127v;4.8;26068;https://www.mercadolivre.com.br/mixer-power-inox-3-em-1-600w-elgin-lunar-/p/MLB40003206;0.788;4.74;;;;;
Eletrônicos;B0CVCLGV1W;"Smartwatch Samsung Galaxy Fit3 Display 1.6"" Grafite";4.7;8722;https://www.amazon.com.br/dp/B0CVCLGV1W;MLB34163245;Samsung Smartwatch Galaxy Fit3 Grafite Cinza Esportivo Cinza-escuro;4.9;35615;https://www.mercadolivre.com.br/samsung-smartwatch-galaxy-fit3-grafite/p/MLB34163245;0.84;4.86;;;;;
Eletrônicos;B0FR5NSCF7;"Smartphone Motorola Moto g06-128GB 12GB (4GB RAM + 8GB Ram Boost) e Camera 50MP com AI Bateria de 5200 mAh Tela 6.9"" - Azul Marinho";4.8;1940;https://www.amazon.com.br/dp/B0FR5NSCF7;MLB61424002;Smartphone Motorola Moto G06 - 128gb 12gb (4gb Ram + 8gb Ram Boost) E Camera 50mp Com Ai Bateria De 5200 Mah Tela 6.9 Bege;4.9;9039;https://www.mercadolivre.com.br/smartphone-motorola-moto-g06-128gb-12gb-4gb-ram-8gb-ram-boost-e-camera-50mp-com-ai-bateria-de-5200-mah-tela-69/p/MLB61424002;0.796;4.88;;;;;
Eletrônicos;B0F6YJVZ5L;Mini Projetor Portátil 5G Wi-Fi 6 Bluetooth 5.0 Android 11 4K 1080P Full HD 8000 Lumens LED Auto Correção Trapezoidal Horizontal Rotação 180° Ideal para Projeções Cinemáticas;4.0;6380;https://www.amazon.com.br/dp/B0F6YJVZ5L;MLB48955624;Mini Projetor Hy300 Android 4k Portátil Wi-fi Bluetooth Hdmi Usb Cinema Em Casa Compacto Alta Resolução Full Hd Smart Projetor Davely Celular Notebook Games Apresentação Branco 127/220v;4.8;4380;https://www.mercadolivre.com.br/mini-projetor-hy300-android-4k-portatil-wi-fi-bluetooth-hdmi-usb-cinema-em-casa-compacto-alta-resoluco-full-hd-smart-projetor-davely-celular-notebook-games-apresentaco/p/MLB48955624;0.846;4.33;;;;;
Eletrônicos;B0DQQCGG3Q;"Smartphone Motorola Moto g15-256GB 12GB (4GB RAM+8GB Ram Boost) e Camera 50MP com AI e Night Vision Bateria de 5200 mAh Tela FHD+ 6.7"" com Superbrilho NFC - Grafite";4.6;1545;https://www.amazon.com.br/dp/B0DQQCGG3Q;MLB62589909;Motorola Moto G15 512gb 12gb Ram ( 4+8 Boost ) Azul-escuro;4.8;100825;https://www.mercadolivre.com.br/motorola-moto-g15-512gb-12gb-ram-48-boost-azul-escuro/p/MLB62589909;0.728;4.8;;;;;
Eletrônicos;B0DHWF5G76;"Smartphone Motorola Moto g35 5G - 256GB 12GB (4GB RAM+8GB Ram Boost) e Camera 50MP com AI NFC Tela 6.7"" com Superbrilho - Cinza Vegan Leather";4.6;1486;https://www.amazon.com.br/dp/B0DHWF5G76;MLB41540844;Smartphone Motorola Moto G35 5g - 128gb 12gb (4gb Ram+8gb Ram Boost) E Camera 50mp Com Ai Nfc Tela 6.7 Com Superbrilho - Grafite - Vegan Leather;4.8;60825;https://www.mercadolivre.com.br/smartphone-motorola-moto-g35-5g-128gb-12gb-4gb-ram8gb-ram-boost-e-camera-50mp-com-ai-nfc-tela-67-com-superbrilho-grafite-vegan-leather/p/MLB41540844;0.904;4.8;;;;;
Eletrônicos;B0F9MNPVKG;Smartphone Motorola Moto g56 5G - 256GB 24GB (8GB RAM+16GB Ram Boost) e 50MP Sony Lytia 600 Camera Ultrarresistencia militar IP68 + IP69 - Cinza;4.8;8240;https://www.amazon.com.br/dp/B0F9MNPVKG;MLB61494529;Smartphone Motorola Moto G56 5g 256gb 24gb 8gb Ram+16gb 50mp Grafite;4.9;13988;https://www.mercadolivre.com.br/smartphone-motorola-moto-g56-5g-256gb-24gb-8gb-ram16gb-50mp-grafite/p/MLB61494529;0.923;4.86;;;;;
Games e Consoles;B07FN1MZBH;Controle Dualshock 4 - PlayStation 4 - Preto;4.8;25893;https://www.amazon.com.br/dp/B07FN1MZBH;MLB15085754;Controle Playstation Dualshock 4 Azul Titânio - Ps4;4.8;9678;https://www.mercadolivre.com.br/controle-playstation-dualshock-4-azul-titnio-ps4/p/MLB15085754;0.728;4.8;;;;;
Games e Consoles;B0F1C3MRMF;Headset Gamer Redragon Zeus Lite Preto P3 H510-LT;4.8;9430;https://www.amazon.com.br/dp/B0F1C3MRMF;MLB48468943;Headset Gamer Redragon Zeus Lite Preto P3 H510-lt Preto;4.9;3424;https://www.mercadolivre.com.br/headset-gamer-redragon-zeus-lite-preto-p3-h510-lt-preto/p/MLB48468943;0.973;4.83;;;;;
Games e Consoles;B088GJR4B9;Controle sem fio Xbox - Preto;4.8;1696;https://www.amazon.com.br/dp/B088GJR4B9;MLB17375584;Controle Sem Fio Xbox Series S X One Pc Pulse Red Vermelho Pulse Red;4.9;28500;https://www.mercadolivre.com.br/controle-sem-fio-xbox-series-s-x-one-pc-pulse-red-vermelho-pulse-red/p/MLB17375584;0.703;4.89;;;;;
Instrumentos Musicais;B079KFD41R;Flauta Doce Soprano Barroca C, Yamaha, YRS-24B;4.8;1943;https://www.amazon.com.br/dp/B079KFD41R;MLB27978526;Flauta Doce Yamaha Yrs-24b Barroca;4.9;3500;https://www.mercadolivre.com.br/flauta-doce-yamaha-yrs-24b-barroca/p/MLB27978526;0.931;4.86;;;;;
Instrumentos Musicais;B009NXITNA;ENCORDOAMENTO VIOLAO NYLON CANARIO GENW;4.6;9410;https://www.amazon.com.br/dp/B009NXITNA;MLB53807263;Jogo Cordas Violão Nylon Giannini Genw 5921 Canário 6 Cordas 0.028-0.043;4.8;1208;https://www.mercadolivre.com.br/jogo-cordas-violo-nylon-giannini-genw-5921-canario-6-cordas-0028-0043/p/MLB53807263;0.903;4.62;;;;;
Moda;B07RLRJYCW;Kit 6 Cuecas Boxer Lupo Microfibra Poliamida Sem Costura Adulto Masculino;4.7;5006;https://www.amazon.com.br/dp/B07RLRJYCW;MLB1010954920;Kit 6 Cuecas Lupo Boxer Box Sem Costura Basic Microfibra;4.9;36853;https://produto.mercadolivre.com.br/MLB-1010954920-kit-6-cuecas-lupo-boxer-box-sem-costura-basic-microfibra-_JM;0.729;4.88;;;;;
Pet Shop;B07NGRY9V1;Zoetis Simparic 20Mg 5 1 Até 10Kg 1Cp Para Cães;4.8;9382;https://www.amazon.com.br/dp/B07NGRY9V1;MLB16008348;Antipulgas Zoetis Simparic 20mg Cães De 5,1kg A 10kg 3 Comprimidos;4.8;53480;https://www.mercadolivre.com.br/antipulgas-zoetis-simparic-20mg-ces-de-51kg-a-10kg-3-comprimidos/p/MLB16008348;0.725;4.8;;;;;
Pet Shop;B07SJV5J33;Quatree Supreme Gatos Castrados Salmão e Batata Doce 10,1Kg;4.8;4190;https://www.amazon.com.br/dp/B07SJV5J33;MLB38202760;Ração Quatree Supreme Gatos Castrados Senior +7 10,1kg;4.9;7693;https://www.mercadolivre.com.br/raco-quatree-supreme-gatos-castrados-senior-7-101kg/p/MLB38202760;0.735;4.86;;;;;
Saúde e Bem-Estar;B087WLJH8Y;Creatine Turbo – sem sabor - Pote 300g - Black Skull - Suplementação para Treino, Performance, Ganho Muscular, Hipertrofia, Força e Resistência;4.6;55679;https://www.amazon.com.br/dp/B087WLJH8Y;MLB18522997;Suplemento Em Pó Black Skull Creatine Turbo Sem Sabor 300g;4.7;112316;https://www.mercadolivre.com.br/suplemento-em-po-black-skull-creatine-turbo-sem-sabor-300g/p/MLB18522997;0.797;4.67;;;;;
Bebês;B0C6KY4152;Fralda Pampers Pants Ajuste Total tamanho XG, Fácil de Vestir, 86 Unidades;4.8;2644;https://www.amazon.com.br/dp/B0C6KY4152;MLB19485104;Fralda Pampers Pants Ajuste Total Xg, 86 Unidades;4.9;28184;https://www.mercadolivre.com.br/fralda-pampers-pants-ajuste-total-xg-86-unidades/p/MLB19485104;0.761;4.89;;;;;
Beleza Premium;B07XP8K162;CeraVe Creme Hidratante Corporal, para Pele Seca a Extra Seca, com 3 Ceramidas Essenciais e Ácido Hialurônico, Hidratação Profunda e Duradoura, Tecnologia MVE, Sem Perfume, 453g;4.8;11788;https://www.amazon.com.br/dp/B07XP8K162;MLB19600322;Creme Hidratante Para Pele Seca E Extra Seca Com 3 Ceramidas E Ácido Hialurônico Hidratação 48h Cerave 50g;4.9;43268;https://www.mercadolivre.com.br/creme-hidratante-para-pele-seca-e-extra-seca-com-3-ceramidas-e-acido-hialurnico-hidrataco-48h-cerave-50g/p/MLB19600322;0.902;4.88;;;;;
Casa;B095VF5GR7;Chuveiro Loren Shower Eletrônico 7500w 220v~ Lorenzetti;4.6;1107;https://www.amazon.com.br/dp/B095VF5GR7;MLB19590092;Chuveiro Lorenzetti Loren Shower Ultra Eletrônico Branco 7500w 220v 7.5 Kw;4.8;34658;https://www.mercadolivre.com.br/chuveiro-lorenzetti-loren-shower-ultra-eletrnico-branco-7500w/p/MLB19590092;0.792;4.79;;;;;
Livros;B084W44SRZ;Bíblia Sagrada - Capa Eucaristia;4.9;3964;https://www.amazon.com.br/dp/B084W44SRZ;MLB19264394;Bíblia Sagrada - Capa Eucaristia, De Vários Autores. Editora Ação Social Claretiana, Capa Mole;5.0;2778;https://www.mercadolivre.com.br/biblia-sagrada-capa-eucaristia-de-varios-autores-editora-aco-social-claretiana-capa-mole/p/MLB19264394;0.962;4.94;;;;;
Moda;B000YKO2I2;Chinelo Havaianas Top adulto-unissex;4.8;40194;https://www.amazon.com.br/dp/B000YKO2I2;MLB44925002;Chinelo Casual Masculino E Feminino Top Cor Branca Havaianas Branco Liso 45.46 Br;4.8;35991;https://www.mercadolivre.com.br/chinelo-casual-masculino-e-feminino-top-cor-branca-havaianas/p/MLB44925002;0.726;4.8;;;;;
Pet Shop;B07Y9WYQ7W;Ração Special Dog Carne 15Kg;4.6;1355;https://www.amazon.com.br/dp/B07Y9WYQ7W;MLB18997403;Ração Special Dog Premium Cão Adulto Sabor Vegetais Pro 15kg;4.9;11351;https://www.mercadolivre.com.br/raco-special-dog-premium-co-adulto-sabor-vegetais-pro-15kg/p/MLB18997403;0.748;4.87;;;;;
Alimentos e Bebidas;B00P9VQCXY;Azeite De Oliva Extra Virgem Andorinha - 500ml;4.9;9727;https://www.amazon.com.br/dp/B00P9VQCXY;MLB18405804;Azeite De Oliva Extra Virgem Andorinha 500ml;4.9;32900;https://www.mercadolivre.com.br/azeite-de-oliva-extra-virgem-andorinha-500ml/p/MLB18405804;1.0;4.9;;;;;
Cozinha;B07B9ZYR6B;Filtro/Refil de Água para Purificador PE11, Branco, Electrolux, 41037245;4.8;13894;https://www.amazon.com.br/dp/B07B9ZYR6B;MLB58858507;Purificador De Água Electrolux Pure4x Pe12 Cor Branco 127/220v;4.8;20718;https://www.mercadolivre.com.br/purificador-de-agua-electrolux-pure4x-pe12-cor-branco/p/MLB58858507;0.755;4.8;;;;;
Livros;6585930010;Café com Deus Pai 2025: Porções Diárias de Transformação;4.9;8401;https://www.amazon.com.br/dp/6585930010;MLB40612370;Café Com Deus Pai - Porções Diárias De Transformação De Junior Rostirola Editorial Velos Capa Mole Em Português 2025;4.9;33734;https://www.mercadolivre.com.br/cafe-com-deus-pai-porcoes-diarias-de-transformaco-de-junior-rostirola-editorial-velos-capa-mole-em-portugus-2025/p/MLB40612370;0.905;4.9;;;;;
